"","pathway","pval","padj","log2err","ES","NES","size","leadingEdge","cluster"
"1","Yang_BioRxiv_2021_SMC","9.05227333592069e-16","4.07352300116431e-14","1.01754479730988","0.852619327283363","3.51995792763033","26","c(""ACTA2"", ""TPM2"", ""MYH11"", ""RBPMS"", ""TAGLN"", ""ZFHX3"", ""DMD"", ""TIMP3"", ""EBF1"", ""PHLDB2"", ""RCAN2"", ""ADAMTS1"", ""FRY"", ""SORBS2"", ""PDE3A"", ""PRKG1"", ""LMOD1"", ""C11orf96"")","5"
"2","Hu_2022_Peri","1.81136878118702e-06","1.41334061242045e-05","0.643551836150722","0.724586315706113","2.68858327850585","18","c(""ACTA2"", ""TPM2"", ""TAGLN"", ""HIGD1B"", ""SDC2"", ""ASPN"", ""ZIC1"", ""RGS4"")","5"
"3","Yang_BioRxiv_2021_Pericyte","3.2024220699118e-05","0.000180136241432539","0.557332238758646","0.647680598661644","2.50775094021147","21","c(""ZFHX3"", ""PTEN"", ""GJC1"", ""NR2F2"", ""EBF1"", ""ZIC1"", ""PDE5A"", ""PDE3A"", ""PRKG1"", ""DGKB"", ""SLC12A2"")","5"
"4","Myoepithelial.cells","2.44106807464646e-07","3.6616021119697e-06","0.674962860011025","0.920007691164628","2.41004707202198","7","c(""ACTA2"", ""MYH11"", ""MYLK"", ""ACTG2"", ""CNN1"")","5"
"5","Fibroblasts","0.0100921456779289","0.0283841597191751","0.303779434551183","0.500781004572249","1.90518492899644","20","c(""CEBPB"", ""NR4A2"", ""KLF4"", ""EGR1"", ""FOSB"", ""NR4A1"", ""HIF1A"")","5"
"6","Endothelial.cells","0.0112249877989263","0.0297132029971579","0.303779434551183","0.397176292705709","1.77530309560591","34","c(""RND1"", ""MYLK"", ""ID3"", ""TIMP3"", ""ADAMTS1"", ""EPAS1"", ""IGFBP7"", ""SPARCL1"")","5"
"7","Microglia","0.0619358854652972","0.126687038451744","0.101377203467264","0.661788863184344","1.53044841698247","5","c(""EGR1"", ""FOS"")","5"
"8","Neftel_Cell_2019_NPC2","0.256762380357886","0.385143570536829","0.0562847952048854","0.323735207130227","1.18022851721806","17","c(""ATP1B1"", ""LBH"", ""NFIX"")","5"
"9","Neurons","0.445885286783042","0.573281083006769","0.0460578909158033","0.226980776411225","1.01611134049492","35","c(""RGS7BP"", ""ZIC1"", ""TESC"", ""DGKB"", ""PNISR"")","5"
"10","Pyramidal.cells","0.594460006224712","0.671797390466306","0.0296964779948796","0.384238790705543","0.888588010002143","5","NR4A2","5"
"11","Yang_BioRxiv_2021_Perivascular_fibroblast","0.567255956956188","0.671797390466306","0.0346769792883295","0.268107853117238","0.888145934748205","13","c(""NTRK3"", ""NKD1"", ""LAMC1"")","5"
"12","Interneurons","0.89866082925573","0.89866082925573","0.00949357683473891","-0.190724697763526","-0.647069014006968","24","c(""IDS"", ""ETV1"", ""TCEAL3"", ""DCAF7"", ""AAK1"", ""ARHGAP21"", ""TRIM9"", ""PDP1"", ""NRN1"", ""SRGAP1"", ""SLC16A1"", ""RGS17"", ""SURF1"", ""PSD3"", ""ATG12"", ""NAT14"", ""CHN1"", ""PITX1"", ""OXR1"")","5"
"13","Immature.neurons","0.865592930444698","0.885265497045714","0.0116028762071118","-0.287715162541412","-0.687004996918194","7","NES","5"
"14","Mast.cells","0.750547327752737","0.785456505787748","0.0122080621650141","-0.235990623492805","-0.792031425635915","23","c(""LIMA1"", ""IDS"", ""GPM6A"", ""MFGE8"", ""MEIS2"", ""SMARCA1"", ""WDR60"", ""LSAMP"", ""ARMCX3"", ""OAF"", ""OSBPL8"", ""PCBD1"")","5"
"15","Cajal.Retzius.cells","0.719498289623717","0.77089102459684","0.014290903307766","-0.340831435079727","-0.813835798357927","7","c(""CCM2"", ""SLC25A36"", ""ST3GAL5"", ""AATF"", ""NSMCE3"", ""LNPK"", ""TCEAL1"")","5"
"16","Yang_BioRxiv_2021_BEC_capillary","0.612082066869301","0.671797390466306","0.0149189755317702","-0.255123060070161","-0.90100045993077","28","c(""TMSB10"", ""BSG"", ""WWTR1"", ""PPFIBP1"", ""KLF2"", ""ITGA6"", ""BACE2"", ""HLA-E"", ""MYO10"")","5"
"17","Yang_BioRxiv_2021_Oligo","0.56996373640115","0.671797390466306","0.0157659269116235","-0.250717858919386","-0.934488207383785","35","c(""GPM6B"", ""RTN4"", ""CREB5"", ""CNP"", ""PLA2G16"", ""PLP1"", ""SCD"", ""SCD5"", ""ARHGAP21"", ""SYNJ2"", ""LAMP2"", ""FMNL2"", ""ANKS1B"", ""COLGALT2"", ""NCAM1"", ""MAP4K4"", ""PCDH9"", ""QDPR"")","5"
"18","Richards_NatureCancer_2021_sc.Developmental","0.603065056328022","0.671797390466306","0.0119240875420497","-0.180158241370504","-0.959941378888044","478","c(""NDUFA4"", ""GPM6B"", ""PTN"", ""DBI"", ""TUBB2B"", ""MARCKSL1"", ""MARCKS"", ""SOX2"", ""NDUFC2"", ""CBX3"", ""SRI"", ""PTPRZ1"", ""MDH2"", ""GAP43"", ""HSBP1"", ""BCAN"", ""NOVA1"", ""H1FX"", ""LMO4"", ""H2AFV"", ""UQCRFS1"", ""PRDX2"", ""C4orf48"", ""PON2"", ""HIGD2A"", ""FAM3C"", ""LSM7"", ""GTF2I"", ""MIDN"", ""SOX4"", ""TMBIM6"", ""SARAF"", ""AES"", ""TOMM20"", ""PMP2"", ""GABPB1-AS1"", ""AP1S1"", ""NDUFS7"", ""NME4"", ""LAPTM4B"", ""ARC"", ""CREB5"", ""ITM2C"", ""LSM8"", ""NUDT1"", ""GGCT"", ""KIF21A"", ""ZNF428"", ""SAT2"", ""CIRBP"", ""MRPS26"", ""RPAIN"", ""RBM8A"", ""TYMS"", ""ATP6V0E2"", ""ETV1"", 
""TXN2"", ""PSMG3"", ""SOX9"", ""TTYH1"", ""GPM6A"", ""ABI2"", ""ILF3"", ""OLIG1"", ""COX6B1"", ""ZYX"", ""SLC1A3"", ""PLP1"", ""RAC1"", ""ALKBH7"", ""HES6"", ""RBMX"", ""ECI1"", ""FEZ1"", ""BAALC"", ""DCAF7"", ""NREP"", ""NPDC1"", ""COX20"", ""GNG7"", ""SCRG1"", ""GAS1"", ""UBE2G2"", ""TUBA1A"", ""SUGP2"", ""NT5C3B"", ""NDUFA10"", ""SCARB2"", ""MAGEF1"", ""KCNQ2"", ""CAMLG"", ""LINC00461"", ""UBALD2"", ""MAZ"", ""PARP1"", ""TRIB2"", ""TCEA2"", ""SNRNP25"", ""CELF2"", ""CDKN1A"", ""TRIM28"", ""MYO10"", ""ZMAT3"", ""APH1A"", ""KNOP1"", ""BCHE"", ""PAFAH1B3"", ""ID4"", ""SCD5"", ""PLEKHJ1"", ""GPSM2"", ""ACAP3"", 
""EIF2AK1"", ""STMN3"", ""FYN"", ""WSB1"", ""FAM173A"", ""TGIF1"")","5"
"19","Yang_BioRxiv_2021_Neuron","0.497576966932725","0.621971208665906","0.0197020017265474","-0.411446469248292","-0.982450065686888","7","c(""SNRPN"", ""ANKS1B"", ""PTPRN2"", ""ROBO1"", ""DNM1"", ""OXR1"", ""PLCB1"")","5"
"20","Muller_GenBiology_2017_MG","0.424153166421208","0.561379190851598","0.0226869247386088","-0.486615875456026","-1.04799326391458","5","c(""KLF2"", ""SLC1A3"")","5"
"21","Muller_GenBiology_2017_BDM","0.384004458687474","0.523642443664737","0.0233928246745307","-0.415404164898009","-1.06995488105646","9","c(""TGFBI"", ""S100A11"", ""CIB1"", ""FXYD5"", ""TMEM123"", ""VOPP1"", ""PLTP"")","5"
"22","Yang_BioRxiv_2021_Astrocyte","0.339997485225701","0.478121463598642","0.0237013271393427","-0.298346889536608","-1.10342175901543","34","c(""CLU"", ""CD44"", ""PTPRZ1"", ""SERPINE2"", ""VCAN"", ""CADM1"", ""GPM6A"", ""SLC1A3"", ""TNC"", ""NRCAM"", ""NTM"", ""LINC00461"", ""ASPH"")","5"
"23","Yang_BioRxiv_2021_T_cell","0.335235567352356","0.478121463598642","0.0248196464168114","-0.365890754691514","-1.11240029765946","16","c(""HLA-B"", ""STK17A"", ""IFI16"", ""RNF213"", ""CELF2"", ""FYN"", ""LITAF"", ""GNG2"", ""ZC3HAV1"", ""MDFIC"", ""ZFP36L2"", ""ATM"")","5"
"24","Richards_NatureCancer_2021_sc.Injury_Response","0.00381105205094775","0.0114331561528432","0.235141995561108","-0.240289005279631","-1.31039307174991","831","c(""S100A10"", ""B2M"", ""TMSB10"", ""ANXA2"", ""SRP14"", ""NEAT1"", ""MDK"", ""TIMP1"", ""S100A4"", ""S100A6"", ""TXN"", ""IER2"", ""ANXA1"", ""MRPS6"", ""PKM"", ""PPDPF"", ""DCBLD2"", ""CD44"", ""HMGA1"", ""SH3BGRL3"", ""COL6A1"", ""RCAN1"", ""RTN4"", ""HMGN1"", ""SERPINE1"", ""PPIB"", ""PHLDA1"", ""LDHA"", ""CAST"", ""CD59"", ""POMP"", ""TKT"", ""HLA-B"", ""CSTB"", ""RAB13"", ""HLA-C"", ""FDPS"", ""IFITM3"", ""STK17A"", ""DDT"", ""TMSB4X"", ""ANXA5"", ""CEBPD"", ""MYL12B"", ""S100A13"", ""TNFRSF12A"", ""CLIC1"", ""XRCC6"", ""EMP1"", ""ATP6V0E1"", ""PRDX6"", ""ARL4C"", ""CCND1"", ""CTSB"", ""SQSTM1"", 
""PRDX1"", ""AP1S2"", ""COTL1"", ""MYDGF"", ""LSM3"", ""TCEAL4"", ""TUBB"", ""SMS"", ""CD151"", ""TGFBI"", ""POLR2L"", ""P4HB"", ""ATP1B3"", ""RPN2"", ""PSMA1"", ""LGALS3BP"", ""MRPL33"", ""GSTO1"", ""ARL6IP5"", ""TMED9"", ""NDUFB3"", ""SLIRP"", ""SLC5A3"", ""VAMP5"", ""WWTR1"", ""CTSD"", ""NQO1"", ""TM4SF1"", ""IFI16"", ""MMP2"", ""SVIP"", ""AKAP9"", ""C4orf3"", ""MYL12A"", ""PTTG1IP"", ""GOLGA4"", ""IFI27L2"", ""TMEM14B"", ""TMEM14C"", ""COL6A2"", ""PDLIM4"", ""ARHGDIA"", ""BST2"", ""TMEM230"", ""VCAN"", ""SSFA2"", ""RCN1"", ""ARPC1B"", ""GRN"", ""MRPL20"", ""GLRX5"", ""RNF7"", ""SLC20A1"", ""GLO1"", 
""MYADM"", ""PPFIBP1"", ""S100A11"", ""RNF181"", ""VKORC1"", ""MRPL36"", ""TGOLN2"", ""TPM4"", ""SPATS2L"", ""SRPX"", ""PLA2G16"", ""RAB34"", ""FKBP1A"", ""ITGA3"", ""SSR3"", ""UPP1"", ""RBP1"", ""VMP1"", ""NPC2"", ""ORAI2"", ""FDFT1"", ""AKR1B1"", ""PRNP"", ""MANF"", ""SQLE"", ""OSTC"", ""STRAP"", ""CAV1"", ""MRPL3"", ""GSN"", ""ENC1"", ""ECHS1"", ""GTF2A2"", ""PGM2L1"", ""PHLDA2"", ""SYPL1"", ""DDX21"", ""SSBP1"", ""MTCH1"", ""KLF2"", ""LAMB1"", ""TRAPPC1"", ""NT5E"", ""CAPN2"", ""MAP4"", ""GOLGB1"", ""PLIN3"", ""TNC"", ""KPNB1"", ""ARPC4"", ""LY6E"", ""TCEAL3"", ""MRPL51"", ""NRCAM"", ""PDIA4"", ""TFG"", 
""RASSF8"", ""SERPINH1"", ""CDV3"", ""PSMA4"", ""CYB5R3"", ""SYAP1"", ""MGLL"", ""MXRA7"", ""RNF213"", ""ISG15"", ""ADI1"", ""FADS1"", ""NTM"", ""DAP"", ""LDLR"", ""SCD"", ""MRPL32"", ""EIF4EBP1"", ""COL4A2"", ""MCFD2"", ""MSMO1"", ""SEMA3A"", ""COL5A2"", ""TWISTNB"", ""EIF5A"", ""ITGA2"", ""TCEAL8"", ""FAM20C"", ""GTF2F2"", ""TIMMDC1"", ""ASPH"", ""HEBP2"", ""GYPC"", ""CMTM6"", ""LEPROT"", ""EMD"", ""PLP2"", ""BZW1"", ""TMED3"", ""MRPL13"", ""ATP6AP2"", ""CIB1"", ""PIGT"", ""HTRA1"", ""GANAB"", ""DDOST"", ""COL18A1"", ""EIF2AK2"", ""BACE2"", ""CALU"", ""HLA-E"", ""C12orf75"", ""PPIC"", ""TWF2"", ""SDF2L1"", 
""PRR13"", ""AHNAK2"", ""FAM210B"", ""NUCB2"", ""PRDX3"", ""SEC61B"", ""SLC25A37"", ""UBXN4"", ""SEC61A1"", ""EBP"", ""BCAP31"", ""AAK1"", ""ADRM1"", ""TAPBP"", ""GARS"", ""CTSL"", ""DEGS1"", ""KLF10"", ""PXDN"", ""EPS8"", ""MMADHC"", ""ARPC5"", ""SYNJ2"", ""TTC1"", ""RGS3"", ""SWI5"", ""MAFF"", ""PLK2"", ""TARS"", ""LAMP2"", ""MED10"", ""DYNC1H1"", ""PSMB8"", ""PDLIM2"", ""IFI6"", ""MEIS2"", ""MIR4435-2HG"", ""HEXA"", ""ITPRIPL2"", ""LRRFIP1"", ""SLC2A4RG"", ""STIP1"", ""CEBPZOS"", ""SLC4A7"", ""IFNGR2"", ""SSR1"", ""PYGB"", ""DRAP1"", ""TMEM179B"", ""SERPINB6"", ""MZT1"", ""RNF114"", ""ARPC3"", ""FBN1"", 
""TNFRSF1A"", ""CTSA"", ""EIF6"", ""ECHDC1"", ""TAF9"", ""LAMP1"", ""POLE4"", ""PDP1"", ""LOXL1"", ""NLRP1"", ""ITGAV"", ""SOD2"", ""PTS"", ""CFLAR"", ""AKAP12"", ""FOSL1"", ""TIMM17A"", ""MRPS10"")","5"
"25","Chanoch_Myers_IMMUNE","0.133203288282012","0.206694757678984","0.0443866736274428","-0.518881985417297","-1.33648229821146","9","c(""CD81"", ""CTSC"", ""LGALS3BP"", ""BST2"", ""GRN"")","5"
"26","Astrocytes","0.12255247217918","0.196959330287968","0.0467506909493571","-0.541660874102986","-1.34814656231358","8","c(""FABP7"", ""S100B"", ""SOX9"", ""SLC1A3"", ""HTRA1"")","5"
"27","Neftel_Cell_2019_NPC1","0.118606759031464","0.196959330287968","0.0454461345170903","-0.416860907188584","-1.35032454815526","20","c(""MARCKSL1"", ""BCAN"", ""STMN1"", ""SOX4"", ""BEX1"", ""ETV1"", ""OLIG1"", ""HES6"", ""TUBA1A"", ""DBN1"", ""MLLT11"", ""SOX11"", ""MAP2"", ""PFN2"", ""CHD7"")","5"
"28","Neftel_Cell_2019_G1.S","0.10610042882833","0.183635357587495","0.050072872271063","-0.517993079958969","-1.37501297757125","10","c(""HIST1H4C"", ""DUT"", ""CKS1B"", ""TMEM106C"", ""PCNA"", ""MCM7"", ""MCM3"")","5"
"29","Neftel_Cell_2019_MES2","0.0833333333333333","0.15625","0.0543824704977098","-0.397222179933008","-1.40284209007182","28","c(""FTL"", ""ANXA2"", ""LGALS3"", ""LDHA"", ""IGFBP3"", ""SQSTM1"", ""PGK1"")","5"
"30","Oligodendrocyte.progenitor.cells","0.089730948020848","0.161515706437526","0.0553343907639583","-0.566256279340321","-1.40936237575836","8","c(""VCAN"", ""CNP"", ""OLIG1"", ""FYN"", ""ETV5"", ""SOX10"", ""C1QL1"")","5"
"31","Yang_BioRxiv_2021_OPC","0.0719309887193099","0.140734543146476","0.060295791275842","-0.471577452578326","-1.43371454974286","16","c(""PTPRZ1"", ""NOVA1"", ""VCAN"", ""NRCAM"", ""RAB31"", ""SCD5"", ""TRIM9"", ""ANKS1B"", ""MAP2"", ""LSAMP"")","5"
"32","Tanycytes","0.0518409425625921","0.111087734062697","0.0755861140764237","-0.681407448023162","-1.46750332557539","5","c(""PTN"", ""IGFBP5"", ""PRDX6"", ""VCAN"")","5"
"33","Macrophages","0.0463445555712072","0.104275250035216","0.0782805675040982","-0.608176082806503","-1.51369710185314","8","c(""S100A4"", ""LGALS3"", ""NRP2"")","5"
"34","Chanoch_Myers_ASTROCYTE","0.028193952601471","0.0667751508982208","0.0993535227577061","-0.575151668495479","-1.57852728855153","11","c(""CLU"", ""CST3"", ""PRDX6"", ""TSC22D4"", ""PMP2"", ""HTRA1"", ""ID4"", ""F3"")","5"
"35","Neftel_Cell_2019_G2.M","0.0228820484881504","0.0572051212203759","0.110534700747335","-0.586837693721396","-1.61060006295914","11","c(""CENPF"", ""KPNA2"", ""ARL6IP1"", ""GPSM2"", ""CDC25B"", ""MZT1"", ""CKAP2"", ""HMGB3"", ""SMC4"")","5"
"36","Bergmann.glia","0.0037211965078002","0.0114331561528432","0.285313392143872","-0.764497714533044","-1.74675636616444","6","c(""FABP7"", ""S100B"", ""METRN"")","5"
"37","Chanoch_Myers_MHCI","0.000855142146340839","0.00296010742964137","0.477270815362862","-0.784437182303925","-1.8730756462432","7","c(""B2M"", ""HLA-A"", ""HLA-B"", ""HLA-C"")","5"
"38","Chanoch_Myers_MES_OTHER","0.000703071789824164","0.00263651921184061","0.477270815362862","-0.680942040598764","-1.91228768652831","12","c(""SCG2"", ""SPP1"", ""PPIB"", ""IGFBP3"", ""TNFRSF12A"", ""WWTR1"", ""COL6A2"", ""SAT1"", ""TNC"", ""GADD45A"")","5"
"39","Monocytes","0.000328036327878499","0.00134196679586659","0.49849310876659","-0.810755217751805","-1.93591773528035","7","c(""S100A4"", ""CD44"", ""PSAP"", ""IFITM3"", ""VCAN"")","5"
"40","Hu_2022_RG","6.21773370342532e-05","0.00027979801665414","0.538434096309916","-0.803878576401507","-2.0705469017353","9","c(""FABP7"", ""GPM6B"", ""TUBB2B"", ""SOX2"", ""PTPRZ1"", ""SOX9"", ""SLC1A3"", ""FABP5"")","5"
"41","Neural.stem.precursor.cells","3.78482911021263e-05","0.000189241455510631","0.557332238758646","-0.770431902721451","-2.1144818819665","11","c(""S100B"", ""S100A6"", ""SOX2"", ""CBX3"", ""IGFBP3"", ""RBM3"", ""SOX9"", ""SLC1A3"", ""ISG15"", ""ID4"")","5"
"42","Neftel_Cell_2019_OPC","4.10871742570721e-06","2.64131834509749e-05","0.610526878385931","-0.677056322809286","-2.24447011268172","22","c(""GPM6B"", ""DBI"", ""PTPRZ1"", ""BCAN"", ""LIMA1"", ""THY1"", ""PMP2"", ""VCAN"", ""CNP"", ""TTYH1"", ""OLIG1"", ""PLP1"", ""FABP5"", ""RAB31"", ""SCRG1"")","5"
"43","Neftel_Cell_2019_AC","1.88445414989393e-06","1.41334061242045e-05","0.643551836150722","-0.68114652148936","-2.28606307529252","23","c(""FABP7"", ""S100B"", ""GPM6B"", ""S100A16"", ""DBI"", ""CLU"", ""PTPRZ1"", ""CST3"", ""ANXA5"", ""BCAN"", ""PON2"", ""PMP2"", ""RAMP1"", ""TTYH1"", ""SLC1A3"", ""RAB31"")","5"
"44","Chanoch_Myers_MES_CORE_GENES","5.71007682096762e-07","6.42383642358857e-06","0.659444398037935","-0.742658535404314","-2.37033727877216","19","c(""S100A10"", ""TMSB10"", ""ANXA2"", ""TIMP1"", ""S100A6"", ""S100A16"", ""ANXA1"", ""LGALS3"", ""CD44"", ""SERPINE1"", ""CTSB"", ""TGFBI"", ""TAGLN2"", ""S100A11"", ""NPC2"")","5"
"45","Neftel_Cell_2019_MES1","1.47940448296822e-08","3.32866008667849e-07","0.747739663149885","-0.70460094857272","-2.51139929337777","29","c(""S100A10"", ""SPP1"", ""ANXA2"", ""TIMP1"", ""S100A16"", ""ANXA1"", ""LGALS3"", ""CD44"", ""RCAN1"", ""SERPINE1"", ""IFITM3"", ""CLIC1"", ""EMP1"", ""PRDX6"", ""CTSB"", ""WWTR1"", ""TAGLN2"", ""S100A11"", ""NPC2"", ""GSN"")","5"
"46","Hu_2022_Peri","9.67957876031433e-10","9.92156822932219e-09","0.788186810800237","0.73842111898456","2.46787241394493","38","c(""COL1A1"", ""LUM"", ""COL3A1"", ""COL1A2"", ""DCN"", ""IGFBP4"", ""BGN"", ""OLFML3"", ""COL6A1"", ""COL5A1"", ""ISLR"", ""PDGFRB"", ""ASPN"", ""PCOLCE"", ""NUPR1"", ""PRELP"", ""CTSK"", ""CPED1"", ""NOTCH3"", ""EDNRA"", ""LAMB1"", ""COL15A1"", ""MYL9"", ""COLEC12"", ""TAGLN"")","4"
"47","Yang_BioRxiv_2021_Perivascular_fibroblast","1.76334990084357e-07","1.44594691869173e-06","0.690132458796796","0.698660895262386","2.29632223771735","35","c(""APOD"", ""COL1A2"", ""DCN"", ""COL6A3"", ""ABCA8"", ""FBN1"", ""C1S"", ""ABCA6"", ""ABCA9"", ""GPC3"", ""ABCA10"", ""VIT"", ""CPED1"", ""SRPX2"", ""COL12A1"", ""LAMB1"", ""CDH11"", ""COL15A1"", ""THBS1"", ""COLEC12"", ""RBMS3"")","4"
"48","Yang_BioRxiv_2021_Pericyte","0.000870915853654192","0.00357075499998219","0.477270815362862","0.556394595964994","1.86751198255225","39","c(""DCN"", ""PLXDC1"", ""CRISPLD2"", ""PDGFRB"", ""COL4A1"", ""PRELP"", ""NR2F2"", ""COL5A3"", ""COL4A2"", ""HES4"", ""NOTCH3"", ""P2RY14"", ""EDNRA"", ""KCNE4"", ""COLEC12"", ""CARMN"", ""DLC1"", ""ARHGAP10"", ""C1QTNF1"", ""CYTH3"", ""PDE5A"", ""CTDSPL"", ""NID1"")","4"
"49","Fibroblasts","0.00261335424016725","0.00892896032057145","0.326351610990907","0.618067432558622","1.83986814146462","22","c(""COL1A1"", ""DCN"", ""CXCL14"", ""NR4A1"", ""TCF4"", ""MGP"", ""THY1"", ""SERPINH1"", ""LAMB1"", ""NR4A2"", ""DKK3"", ""CEBPB"", ""INMT"", ""KLF2"", ""PDGFRA"", ""FOSB"", ""STAT3"")","4"
"50","Chanoch_Myers_MES_CORE_GENES","0.000549699724308198","0.00250418763295957","0.477270815362862","0.85692618411929","1.83079457407732","6","c(""COL1A1"", ""COL1A2"", ""IGFBP7"", ""FN1"")","4"
"51","Yang_BioRxiv_2021_SMC","0.00318714941356451","0.0093337947111532","0.291090917251384","0.580159061706629","1.80421195331693","27","c(""C11orf96"", ""IGFBP4"", ""CRISPLD2"", ""COL4A1"", ""COL4A2"", ""SLIT3"", ""COL18A1"", ""ADAMTS1"", ""NOTCH3"", ""MYL9"", ""TAGLN"", ""CARMN"", ""ARHGAP10"")","4"
"52","Chanoch_Myers_IMMUNE","0.00793879907621247","0.0191465154191007","0.194887297433682","0.727606466933524","1.73465644324393","9","c(""CXCL14"", ""CFH"", ""C1S"", ""CCL2"", ""C1R"", ""SERPING1"")","4"
"53","Richards_NatureCancer_2021_sc.Injury_Response","2.74334810112772e-07","1.87462120243728e-06","0.674962860011025","0.382915947909835","1.66301776058717","462","c(""COL1A1"", ""COL3A1"", ""COL1A2"", ""COL6A3"", ""OGN"", ""IGFBP7"", ""LRRC17"", ""CXCL14"", ""CFH"", ""FOXS1"", ""FBN1"", ""C1S"", ""SFRP4"", ""BGN"", ""OLFML3"", ""COL6A1"", ""HIC1"", ""ABI3BP"", ""PI16"", ""GLT8D2"", ""COL5A1"", ""ISLR"", ""PDGFRB"", ""OAF"", ""CHN1"", ""ASPN"", ""CCL2"", ""PCOLCE"", ""MMP2"", ""VCAN"", ""IGFBP6"", ""COL5A2"", ""ABCA6"", ""RRBP1"", ""ABCA9"", ""INHBA"", ""ALDH1A3"", ""FAM114A1"", ""SSPN"", ""KDELR3"", ""MFAP2"", ""HIST1H2AC"", ""CHSY1"", ""MGP"", ""C1R"", ""SERPINH1"", ""KANK4"", ""HTRA3"", ""SOCS3"", ""FILIP1L"", ""DUSP1"", ""PDGFRL"", ""COPZ2"", ""CTSK"", ""COL5A3"", 
""COL4A2"", ""SOCS1"", ""SLIT3"", ""MXRA8"", ""COL18A1"", ""COL21A1"", ""PLK2"", ""FOXC1"", ""TPM4"", ""CPED1"", ""OMD"", ""SRPX2"", ""RUNX1T1"", ""CEBPD"", ""DAB2"", ""TIAM1"", ""COL12A1"", ""CCL11"", ""SEC31A"", ""CLDN1"", ""EDNRA"", ""KIAA1755"", ""HCFC1R1"", ""LAMB1"", ""CDH11"", ""SBSPON"", ""FKBP7"", ""RBFOX2"", ""NR4A2"", ""CYGB"", ""FSTL1"", ""FAM198B"", ""TWIST1"", ""STARD13"", ""AKAP9"", ""SPON2"", ""THBD"", ""SERPING1"", ""TSHZ3"", ""S1PR3"", ""LHFPL2"", ""THBS1"", ""COLEC12"", ""PGF"", ""ITPRIPL2"", ""RBMS3"", ""TPD52L1"", ""GEM"", ""HGF"", ""HEXB"", ""P3H1"", ""P3H3"", ""RAI14"", ""CDC42EP5"", 
""ARHGAP10"", ""PLAGL1"", ""CTHRC1"", ""HDLBP"", ""GPX8"", ""SCPEP1"", ""EPB41L2"", ""LY6E"", ""UACA"", ""EMILIN1"", ""GOLGB1"", ""C1QTNF1"", ""STOM"", ""HSPG2"", ""CEBPB"", ""RND3"", ""FSTL3"", ""IFITM2"", ""ECM2"", ""OSTC"", ""KLF2"", ""CD38"", ""MMP11"", ""GGT5"", ""PLOD1"", ""COL11A1"", ""DNM3OS"", ""PPIC"", ""IFITM3"", ""PMAIP1"", ""EFEMP2"", ""TLN2"", ""ZDHHC9"", ""RAB34"", ""XAF1"", ""TGFB1I1"", ""AKR1C3"", ""XBP1"", ""NID1"", ""F10"", ""RARRES1"", ""TERF1"", ""FOSB"", ""NTN4"", ""KLF5"", ""CD248"", ""CRABP1"", ""ITGA1"", ""PRKAR1A"", ""MBTPS1"", ""ACBD3"", ""RASL12"", ""PODN"", ""SPATS2L"", ""FBLN1"", 
""TGFB3"", ""CREB3L2"", ""NUCB2"", ""FZD1"", ""ADH1C"", ""CLMP"", ""PDLIM7"", ""TMEM45A"", ""CYP1B1"", ""ADAM33"", ""SEC24D"", ""LAMA2"", ""ARF4"")","4"
"54","Meningeal.cells","0.0182798921186695","0.0394460829929183","0.130086070372915","0.758729762268485","1.62100115236851","6","c(""LUM"", ""DCN"", ""FOXC1"", ""BMP7"")","4"
"55","Tanycytes","0.0458333333333333","0.0854166666666667","0.082532787767263","0.74383618998781","1.51050030967821","5","c(""MEST"", ""VCAN"", ""IGFBP5"", ""SCN7A"")","4"
"56","Mast.cells","0.0806219783091598","0.143717439594589","0.0562847952048854","0.482444421338086","1.43614446270487","22","c(""OAF"", ""CCL2"", ""KDELR3"", ""DUSP1"", ""COPZ2"", ""SOCS1"", ""EDNRA"", ""FAM198B"", ""STARD13"")","4"
"57","Pericytes","0.0978395061728395","0.167142489711934","0.0554741407704174","0.689945229034131","1.40106450337424","5","c(""COL1A1"", ""P2RY14"")","4"
"58","Endothelial.cells","0.10768253968254","0.176599365079365","0.0474106087961033","0.437233938782015","1.36978339562013","28","c(""IGFBP7"", ""MEOX2"", ""POSTN"", ""MGP"", ""CDKN1C"", ""WFDC1"", ""ADAMTS1"", ""ID3"", ""THBD"", ""SPARCL1"", ""C1QTNF1"", ""HSPG2"", ""INMT"")","4"
"59","Macrophages","0.163020677255019","0.257071067979069","0.0413010397545629","0.612635344910402","1.30887524052342","6","c(""CCL2"", ""CTSK"", ""DAB2"")","4"
"60","Microglia","0.312861781730905","0.458119037534539","0.0270431395006687","0.456940484519112","1.14616863327926","11","c(""OLFML3"", ""FOS"", ""COLEC12"", ""AEBP1"", ""EGR1"", ""TMEM119"", ""TMEM173"", ""ITGB5"", ""MRC2"")","4"
"61","Neftel_Cell_2019_MES1","0.349076260591749","0.484414856341976","0.0249054022661956","0.425491741200357","1.11239316109525","13","c(""IGFBP7"", ""FN1"", ""C1S"", ""MGP"", ""C1R"")","4"
"62","Neftel_Cell_2019_NPC2","0.354449894884373","0.484414856341976","0.0247999400372046","0.431870532182905","1.10527315088211","12","c(""DCX"", ""TCF4"", ""RBFOX2"", ""NREP"", ""RND3"", ""CRABP1"")","4"
"63","Chanoch_Myers_MES_OTHER","0.387990762124711","0.506995763129372","0.0237978229280564","0.450442971663376","1.0738824331824","9","c(""DCN"", ""SFRP4"", ""IGFBP6"", ""MGP"")","4"
"64","Purkinje.neurons","0.398611111111111","0.506995763129372","0.0244504540047781","0.525158758997319","1.06643435580712","5","c(""GAD1"", ""PDE5A"", ""PKP4"")","4"
"65","Muller_GenBiology_2017_BDM","0.408069760567544","0.506995763129372","0.0233635636219539","0.476188055484536","1.05889876363196","7","c(""THBD"", ""IFITM2"", ""METRNL"", ""PIM1"", ""FOSL2"")","4"
"66","Interneurons","0.510070843172663","0.607357307819202","0.0189412859890119","0.371646339332089","0.971621317614316","13","c(""CXCL14"", ""CHN1"", ""GAD1"", ""LINGO1"")","4"
"67","Monocytes","0.518475750577367","0.607357307819202","0.019271737884772","0.403961977825324","0.963069020831397","9","c(""FN1"", ""VCAN"", ""ZFP36L2"", ""IFITM3"", ""MGMT"")","4"
"68","Neurons","0.807368689444161","0.871108322821332","0.0109797068571934","0.238189856112013","0.74073648749357","27","c(""CHN1"", ""MATN2"", ""IGF1"", ""SCRG1"", ""GPATCH8"", ""ATP6V0A1"", ""GAD1"")","4"
"69","Neftel_Cell_2019_MES2","0.843014128728414","0.886245622509359","0.0120108155031881","0.27960504348122","0.684518993044548","10","c(""SLC2A3"", ""ATF3"", ""P4HA1"", ""NDRG1"", ""HERPUD1"", ""BNIP3L"")","4"
"70","Cajal.Retzius.cells","0.961042852861852","0.982169613425232","0.0107890155679819","0.254018556422433","0.542702281050157","6","c(""ZDBF2"", ""LINGO1"", ""DACT1"", ""ATP13A2"", ""NBEA"")","4"
"71","Yang_BioRxiv_2021_Neuron","0.982169613425232","0.982169613425232","0.0104604780775554","0.230152263659961","0.491712732472199","6","c(""TIAM1"", ""SLIT2"", ""DNM1"", ""FRMD4A"", ""NBEA"")","4"
"72","Oligodendrocyte.progenitor.cells","0.670471613097026","0.742955030729137","0.0269183101288692","-0.335899950452316","-0.821713966742","6","c(""OLIG1"", ""OLIG2"")","4"
"73","Yang_BioRxiv_2021_T_cell","0.586502226789997","0.667960869399718","0.0317487252503017","-0.294046134920506","-0.889644777891824","11","c(""STK17A"", ""CELF2"", ""FAM49B"")","4"
"74","Yang_BioRxiv_2021_BEC_capillary","0.277366575769381","0.421186281723874","0.0521267529114222","-0.330982435116328","-1.14867550593423","17","c(""MT2A"", ""MYO10"", ""GRB10"", ""NEDD9"", ""AKAP12"", ""AP3S1"")","4"
"75","Neftel_Cell_2019_NPC1","0.045692361353331","0.0854166666666667","0.12546307449004","-0.515383998341306","-1.60037082490787","12","c(""BCAN"", ""MAP2"", ""OLIG1"", ""HES6"", ""BEX1"")","4"
"76","Neftel_Cell_2019_OPC","0.037536443148688","0.0769497084548105","0.141766537975907","-0.495497463759142","-1.62061300297259","14","c(""PTPRZ1"", ""BCAN"", ""GPM6B"", ""PMP2"", ""OLIG1"", ""TTYH1"", ""RAB31"", ""SCD5"")","4"
"77","Astrocytes","0.0157927984838913","0.0359724854355303","0.204544131818546","-0.659407220541752","-1.7902660996565","8","c(""FABP7"", ""S100B"", ""SLC1A3"", ""APOE"")","4"
"78","Neural.stem.precursor.cells","0.00677845165893685","0.0173697823760257","0.335068558717014","-0.598380085204488","-1.9083300502057","13","c(""SOX2"", ""S100B"", ""HOPX"", ""SLC1A3"", ""APOE"", ""ID4"")","4"
"79","Chanoch_Myers_ASTROCYTE","0.0030056310288798","0.0093337947111532","0.431707695803346","-0.83557716851713","-1.91448226378555","5","c(""PMP2"", ""HOPX"", ""APOE"", ""ID4"")","4"
"80","Yang_BioRxiv_2021_Oligo","0.00395792131585025","0.010818318263324","0.407017918923954","-0.51836085909345","-1.9580345172696","22","c(""GPM6B"", ""CREB5"", ""PCDH9"", ""NCAM1"", ""SCD"", ""SCD5"", ""ANKS1B"", ""ATP1B1"", ""COLGALT2"", ""PPP2R2B"", ""RETREG1"", ""PLP1"")","4"
"81","Bergmann.glia","0.0016836885236119","0.00627556631528073","0.45505986738723","-0.761344343214597","-1.97761534237318","7","c(""FABP7"", ""S100B"", ""HOPX"", ""SLC1A3"")","4"
"82","Yang_BioRxiv_2021_Astrocyte","0.000292139770543337","0.00171110437032526","0.49849310876659","-0.589246958078898","-2.18634707614275","21","c(""PTPRZ1"", ""C1orf61"", ""CD44"", ""SLC1A3"", ""GPM6A"", ""CADM1"", ""LINC00461"", ""NRCAM"", ""MEIS2"", ""PPP2R2B"", ""GLIS3"")","4"
"83","Richards_NatureCancer_2021_sc.Developmental","7.61287555402631e-11","1.04042632571693e-09","0.839088935621274","-0.38003808334471","-2.19952190683744","199","c(""PTPRZ1"", ""CKB"", ""C1orf61"", ""MT3"", ""BCAN"", ""SOX2"", ""GPM6B"", ""PMP2"", ""HOPX"", ""NOVA1"", ""SLC1A3"", ""GAP43"", ""GPM6A"", ""CREB5"", ""MAP2"", ""OLIG1"", ""HES6"", ""KIF21A"", ""TYMS"", ""TTYH1"", ""BCHE"", ""APOE"", ""FEZ1"", ""LINC00461"", ""BAALC"", ""DDR1"", ""ATP1B2"", ""MYO10"", ""FAM181B"", ""ID4"", ""CACNG8"", ""ADGRG1"", ""DSEL"", ""MYEF2"", ""SLC25A4"", ""SYT11"", ""NCAM1"", ""UBL3"", ""FZD3"", ""SCD5"", ""GNG7"", ""TRIM9"", ""OLIG2"", ""CORO2B"", ""PREX1"", ""SEMA6A"", ""SOX11"", ""NRN1"", ""SEC11C"", ""CELF2"", ""MPP6"", ""CDCA7L"", ""COLGALT2"")","4"
"84","Yang_BioRxiv_2021_OPC","0.000528408261933945","0.00250418763295957","0.477270815362862","-0.662926217858776","-2.21599148369132","15","c(""PTPRZ1"", ""NOVA1"", ""MAP2"", ""NRCAM"", ""RAB31"", ""SCD5"", ""TRIM9"", ""KHDRBS3"", ""ANKS1B"")","4"
"85","Hu_2022_RG","3.66128820331039e-11","7.5056408167863e-10","0.851339057116899","-0.986852917009039","-2.41414392569708","6","c(""FABP7"", ""PTPRZ1"", ""SOX2"", ""GPM6B"", ""HOPX"", ""SLC1A3"")","4"
"86","Neftel_Cell_2019_AC","9.00651803131977e-13","3.6926723928411e-11","0.921426003494898","-0.919873467180194","-3.00861056016696","14","c(""FABP7"", ""PTPRZ1"", ""MT3"", ""BCAN"", ""GPM6B"", ""S100B"", ""PMP2"", ""HOPX"", ""SLC1A3"", ""TTYH1"", ""RAMP1"", ""ATP1B2"", ""RAB31"")","4"
"87","Richards_NatureCancer_2021_sc.Injury_Response","3.85061804841671e-46","1.23219777549335e-44","1.76830432671752","0.639241260616219","4.03484870323525","292","c(""CXCL3"", ""CXCL2"", ""ADIRF"", ""CCL2"", ""SERPINE1"", ""SLC5A3"", ""CXCL1"", ""EMP1"", ""MRPS6"", ""IGFBP6"", ""MFAP5"", ""SLC20A1"", ""DCBLD2"", ""HMGA1"", ""PMEPA1"", ""CTSB"", ""GSN"", ""NFKBIA"", ""NFKBIZ"", ""TGFBI"", ""TM4SF1"", ""PDLIM4"", ""CALB1"", ""TGM2"", ""IRF1"", ""DKK1"", ""RGS3"", ""BHLHE40"", ""CTGF"", ""DUSP5"", ""TNFAIP3"", ""SDC4"", ""GEM"", ""ARL4C"", ""SVIP"", ""VAMP5"", ""COL6A2"", ""RASSF8"", ""ANXA1"", ""PLK3"", ""CAV1"", ""CTSK"", ""CAV2"", ""S100A13"", ""SCG5"", ""ITGA3"", ""PHLDA1"", ""STK17A"", ""ITGA2"", ""AKAP12"", ""TIMP3"", ""CAPN2"", ""YBX3"", ""DUSP1"", ""PAPPA"", 
""GJB2"", ""HMGA2"", ""BHLHE41"", ""LIMS1"", ""FRMD4A"", ""BST2"", ""SYNJ2"", ""NRP1"", ""RGS4"", ""ARHGAP29"", ""CCND1"", ""S100A11"", ""RIN2"", ""WWTR1"", ""MDK"", ""NT5E"", ""CTHRC1"", ""HBEGF"", ""PRRX1"", ""MCFD2"", ""TPBG"", ""TPM2"", ""TNFAIP2"", ""SRPX"", ""FOSL1"", ""CAPG"", ""EFNB2"", ""ERRFI1"", ""ELK3"", ""PLAUR"", ""CD47"", ""CMTM7"", ""HTRA1"", ""CYB5R2"", ""NTNG1"", ""DIRAS3"", ""LTBP3"", ""ADM"", ""BIRC3"", ""ARL6IP5"", ""LIF"", ""CYR61"", ""RORB"", ""CAST"", ""FAM129B"", ""LOXL1"", ""NCEH1"", ""LRRFIP1"", ""MET"", ""GFPT2"", ""ANPEP"", ""MYADM"", ""NPTX2"", ""EVA1B"", ""KRT18"", ""MAFF"", 
""RUNX1"", ""SLC4A7"", ""TGFBR2"", ""EPHA2"", ""FHL2"", ""KRT8"", ""FAM20C"", ""MYLK"", ""MT1E"", ""THBS1"", ""GSTO1"", ""CITED4"", ""CTSZ"", ""SMURF2"", ""NTSR1"", ""MAP1B"", ""RIN1"", ""CD55"", ""IFT57"", ""ITPRIP"", ""ITGB4"", ""GLIPR1"", ""DPYSL3"", ""KLF5"", ""MGLL"", ""RBP1"", ""SH3PXD2A"", ""ZBTB38"", ""NTM"", ""CEBPB"", ""TWIST2"", ""ANXA11"", ""MYOF"", ""UACA"", ""AMOTL2"", ""EHD4"", ""TWF2"", ""AHNAK"", ""LRRFIP2"", ""F2RL1"", ""SOCS3"", ""HPCAL1"", ""ABL2"", ""ZC3H12A"", ""SVIL"", ""CD44"", ""FUT8"", ""SLK"", ""PLA2G16"", ""PXN"", ""PML"", ""KCNN4"", ""PHLDA2"", ""SEC14L2"", ""PLK2"", ""PMAIP1"", 
""LGALS3BP"", ""BCL2L1"", ""UGCG"", ""RAB34"", ""SERPINB1"", ""TNFRSF10D"", ""CCNG1"", ""CD68"", ""TGFB1"", ""MXRA7"", ""SPHK1"", ""EHD1"", ""TNKS1BP1"", ""AMOTL1"", ""LMCD1"", ""NGEF"", ""MDFIC"", ""LAYN"", ""MYCBP2"", ""SAMD9"", ""FOXP1"", ""COL13A1"", ""PRSS23"", ""TACC1"", ""PIM1"", ""GFRA1"", ""CNIH3"", ""SH2B3"", ""DYNLT3"", ""SUGT1"", ""KLF2"", ""PPL"", ""MAST4"", ""NHS"", ""CD70"", ""LINC01551"", ""DHRS3"", ""COL18A1"", ""NFKB2"", ""CMTM8"", ""EHBP1L1"", ""NUAK2"", ""PARP4"", ""FNDC3A"", ""PTHLH"", ""HOXB8"", ""POLR3A"", ""KLF10"", ""PAK3"", ""DOCK5"", ""SEMA3A"", ""MAP2K3"", ""CD109"", ""ERAP2"", 
""ERICH3"", ""SFR1"", ""BAG3"", ""TNFRSF12A"", ""KCNMA1"", ""RRAS"", ""CSRP2"", ""CNN2"", ""RGS20"", ""MAPKAPK3"", ""ZNF267"", ""OPTN"", ""ARHGAP22"", ""EMILIN1"", ""SHISA5"", ""MECOM"", ""VCL"", ""PPP1R3B"", ""SMAGP"", ""HOXB6"", ""HOXB2"", ""MVP"", ""SYTL5"", ""SLC35E4"", ""CRIM1"", ""SLC31A2"", ""SPOCD1"", ""KDR"", ""PDE4D"", ""STX1A"", ""CLMP"", ""RAC2"", ""MFAP2"", ""CDC42EP2"", ""ARHGAP24"", ""FOSB"", ""LY6E"", ""USP12"", ""RFX8"", ""VAT1L"", ""GSDMD"", ""MAN2A1"", ""HTATIP2"", ""PPCS"", ""IL11"", ""HIVEP3"", ""CDC42EP3"", ""ADAMTSL1"", ""S100A4"", ""PLEC"", ""SLC9A7"", ""LDLR"", ""SERP2"", ""SLC16A3"", 
""AHNAK2"")","3"
"88","Chanoch_Myers_MES_CORE_GENES","0.000309137289412008","0.00164873221019738","0.49849310876659","0.701346421992488","2.13707228532787","11","c(""SERPINE1"", ""CTSB"", ""TGFBI"", ""TNFAIP3"", ""ANXA1"", ""S100A11"", ""LGALS3"", ""S100A16"")","3"
"89","Endothelial.cells","0.00156156254369592","0.00659415234680546","0.45505986738723","0.505653168748696","2.01511312550676","25","c(""ADIRF"", ""CXCL1"", ""EMP1"", ""TM4SF1"", ""CTGF"", ""NRP2"", ""CAV1"", ""S100A13"", ""ID1"", ""TIMP3"", ""SRPX"", ""ELK3"", ""TGFBR2"", ""FHL2"", ""MYLK"", ""CD55"", ""MGLL"")","3"
"90","Macrophages","0.00164853808670137","0.00659415234680546","0.45505986738723","0.659997895508874","2.01107921369255","11","c(""CXCL2"", ""CCL2"", ""CXCL1"", ""DUSP5"", ""NRP2"", ""CTSK"", ""LGALS3"", ""NCEH1"")","3"
"91","Chanoch_Myers_IMMUNE","0.00210478677852326","0.00682893393119465","0.431707695803346","0.698996536077509","1.98160094908729","9","c(""CXCL2"", ""CCL2"", ""NFKBIA"", ""BST2"", ""NRP1"")","3"
"92","Neftel_Cell_2019_MES1","0.00213404185349833","0.00682893393119465","0.431707695803346","0.57291309026338","1.98015244808847","16","c(""SERPINE1"", ""EMP1"", ""CTSB"", ""GSN"", ""SPP1"", ""ANXA1"", ""S100A11"", ""WWTR1"", ""LGALS3"", ""S100A16"", ""GFPT2"", ""TAGLN2"", ""MT1E"")","3"
"93","Chanoch_Myers_MES_OTHER","0.00833742030407062","0.0242543136118418","0.202498775969141","0.617688599097327","1.81593448132914","10","c(""SCG2"", ""IGFBP6"", ""SPP1"", ""COL6A2"", ""WWTR1"", ""PLAUR"", ""MAP1B"", ""GLIPR1"")","3"
"94","Muller_GenBiology_2017_BDM","0.0459670424978317","0.0919340849956635","0.0875267616598382","0.672265512534614","1.54841745630919","5","c(""TGFBI"", ""BHLHE40"", ""S100A11"")","3"
"95","Hu_2022_Peri","0.104196357878068","0.18523796956101","0.0543824704977098","0.440196113367859","1.41411623645792","13","c(""GSN"", ""COL6A2"", ""CTSK"", ""RGS4"", ""TPM2"", ""FHL2"")","3"
"96","Neftel_Cell_2019_MES2","0.117270429654591","0.197508092049838","0.0527683194655535","0.530826811445767","1.37731072062372","7","c(""AKAP12"", ""CDKN1A"", ""LGALS3"", ""ADM"", ""PPP1R15A"")","3"
"97","Yang_BioRxiv_2021_Neuron","0.129297581839118","0.206876130942589","0.0494126590359321","0.484394014372846","1.37321944969839","9","c(""FRMD4A"", ""ANKS1B"", ""PTPRN2"", ""SYT1"", ""GABBR2"", ""FAM155A"", ""PAK3"", ""ZNF385D"")","3"
"98","Interneurons","0.148708957602805","0.216303938331353","0.0449878247231264","0.427017373688483","1.33966910203596","12","c(""CALB1"", ""CTGF"", ""IDS"", ""NTNG1"", ""RORB"")","3"
"99","Yang_BioRxiv_2021_BEC_capillary","0.15814963259853","0.220034271441434","0.04461938659259","0.485388351773595","1.31949496015145","8","c(""TGM2"", ""AKAP12"", ""WWTR1"", ""KLF2"", ""CMTM8"", ""MECOM"", ""CRIM1"")","3"
"100","Yang_BioRxiv_2021_SMC","0.180791912384162","0.241055883178882","0.0416238362763518","0.493300871123944","1.27994397351846","7","c(""ADIRF"", ""TIMP3"", ""TPM2"")","3"
"101","Mast.cells","0.201896354422102","0.258427333660291","0.0384431401020779","0.429616832090412","1.2630247997008","10","c(""CCL2"", ""DUSP1"", ""IDS"", ""FAM129B"", ""NCEH1"", ""CD55"")","3"
"102","Myoepithelial.cells","0.216999132697311","0.26707585562746","0.0381615360374572","0.53757225433526","1.23818081862014","5","c(""MYLK"", ""SMIM3"", ""PXN"", ""SPHK1"", ""CD109"")","3"
"103","Yang_BioRxiv_2021_Perivascular_fibroblast","0.415703192407248","0.492685265075256","0.0256134719722488","0.42432265435257","1.03863165777308","6","c(""PRRX1"", ""FHL2"", ""THBS1"", ""SVIL"")","3"
"104","Neurons","0.612369201936592","0.699850516498963","0.0179657247063618","0.259970399919843","0.880267793908508","15","c(""CXCL1"", ""CALB1"", ""CAMK2N1"", ""BEX1"", ""RIN1"")","3"
"105","Yang_BioRxiv_2021_T_cell","0.751257588898526","0.775491704669446","0.0165076855781743","0.335909142552591","0.773693682576798","5","c(""STK17A"", ""RUNX1"", ""MDFIC"", ""SLC38A1"")","3"
"106","Fibroblasts","0.971227726009482","0.971227726009482","0.0119265600050344","0.175578616419213","0.516181234696017","10","c(""MDK"", ""RUNX1"", ""CEBPB"", ""CD44"", ""KLF2"", ""KLF6"")","3"
"107","Yang_BioRxiv_2021_Pericyte","0.72542460113227","0.773786241207754","0.0230291208893727","-0.242485188550071","-0.795171977202899","10","c(""ATP1A2"", ""SEMA5A"", ""KCNE4"", ""PAG1"", ""HES4"", ""ARHGAP42"")","3"
"108","Yang_BioRxiv_2021_Oligo","0.672706681766704","0.742297028156364","0.025846758461163","-0.20756015269962","-0.83350731632719","17","c(""PLP1"", ""NCAM1"", ""QKI"", ""ANLN"", ""TRIM2"", ""LPGAT1"", ""PDE4B"")","3"
"109","Astrocytes","0.144575471698113","0.216303938331353","0.0564803168541392","-0.542248054309939","-1.33849489829584","5","c(""S100B"", ""APOE"")","3"
"110","Neftel_Cell_2019_NPC2","0.0934349643471847","0.175877579947642","0.0726386507219513","-0.512817947208795","-1.45347233624439","7","c(""STMN1"", ""SOX4"", ""TUBB2A"")","3"
"111","Yang_BioRxiv_2021_Astrocyte","0.0453421269579555","0.0919340849956635","0.111555069436528","-0.42830431409719","-1.60951452361866","14","c(""C1orf61"", ""PTPRZ1"", ""GPM6A"")","3"
"112","Chanoch_Myers_ASTROCYTE","0.0180522565320665","0.0435262113079921","0.165406383146814","-0.656113108574328","-1.75248546035993","6","c(""PMP2"", ""APOE"", ""SPARCL1"", ""ID4"", ""MLC1"")","3"
"113","Yang_BioRxiv_2021_OPC","0.0190427174472465","0.0435262113079921","0.167658528065765","-0.543452760580819","-1.78212289472761","10","c(""PTPRZ1"", ""NOVA1"", ""MAP2"", ""SEMA5A"", ""TRIM9"")","3"
"114","Neural.stem.precursor.cells","0.00997624703087886","0.026603325415677","0.223479119117479","-0.692457245707034","-1.8495610576343","6","c(""S100B"", ""APOE"", ""CCND2"", ""IGFBP3"")","3"
"115","Neftel_Cell_2019_NPC1","4.5586791403665e-06","2.91755464983456e-05","0.610526878385931","-0.791181253511546","-2.59448903020621","10","c(""BCAN"", ""STMN1"", ""OLIG1"", ""HES6"", ""MAP2"", ""MARCKSL1"", ""SOX4"", ""MEST"")","3"
"116","Neftel_Cell_2019_OPC","1.43526416326823e-06","1.14821133061459e-05","0.643551836150722","-0.813244161902092","-2.66683904297465","10","c(""BCAN"", ""PTPRZ1"", ""PMP2"", ""PLP1"", ""OLIG1"", ""TTYH1"", ""SCRG1"", ""THY1"")","3"
"117","Neftel_Cell_2019_AC","9.99839291891283e-08","1.06649524468404e-06","0.704975715167238","-0.758657897503527","-2.98978468182276","16","c(""MT3"", ""BCAN"", ""PTPRZ1"", ""S100B"", ""PMP2"", ""TTYH1"", ""ATP1B2"", ""ATP1A2"", ""EDNRB"", ""PON2"", ""SPARCL1"", ""GATM"", ""NDRG2"", ""MLC1"", ""PRCP"")","3"
"118","Richards_NatureCancer_2021_sc.Developmental","1.91987787252657e-34","3.07180459604252e-33","1.52970525162309","-0.631083566254844","-4.53681036590733","135","c(""C1orf61"", ""MT3"", ""BCAN"", ""PTPRZ1"", ""TUBB2B"", ""PMP2"", ""PLP1"", ""APOE"", ""ARC"", ""NOVA1"", ""CCND2"", ""GPM6A"", ""OLIG1"", ""LAPTM4B"", ""HES6"", ""BCHE"", ""MAP2"", ""TTYH1"", ""SCRG1"", ""KIF21A"", ""MARCKSL1"", ""SOX4"", ""KCNQ2"", ""GNG7"", ""NFIA"", ""FAM181B"", ""H2AFV"", ""CPE"", ""NCAM1"", ""ATP1B2"", ""ERBB3"", ""ATP1A2"", ""EDNRB"", ""PON2"", ""ACAP3"", ""MEOX2"", ""NR4A1"", ""OLIG2"", ""UQCRFS1"", ""SEMA5A"", ""TRIM9"", ""SPARCL1"", ""IDH2"", ""SMARCA4"", ""DSEL"", ""QKI"", ""PSAT1"", ""MTRNR2L1"", ""NUDT1"", ""CELF2"", ""EVL"", ""PDGFA"", ""PARP1"", ""MATN2"", ""SDC3"", ""SLC25A4"", 
""ADGRG1"", ""NDRG2"", ""KNOP1"", ""SMARCD3"", ""ID4"", ""PAFAH1B3"", ""ITPR2"", ""GGCT"", ""NDUFS7"", ""PHF14"", ""MLC1"", ""PRCP"", ""SOGA1"", ""KIF5C"", ""LINC00685"", ""NKTR"", ""SNRNP25"", ""SUGP2"", ""PAG1"", ""CLEC11A"", ""ZSCAN16-AS1"", ""BRD7"", ""KIF1B"", ""RBBP4"", ""SLC22A17"", ""PDE4B"", ""GPSM2"", ""PODXL2"", ""RHOQ"", ""ZNF704"", ""FZD3"", ""IDH1"", ""TRIM28"", ""CRMP1"", ""PAXBP1"", ""MAP3K1"", ""NSL1"", ""TRIM24"", ""LRP3"", ""SPPL2B"", ""ENOPH1"", ""ECI1"", ""TIMM44"", ""HES4"", ""KHSRP"", ""MAD2L2"", ""ARHGAP42"", ""KLHL23"", ""MCUR1"", ""ELAVL1"", ""MIR4458HG"", ""RP9"", ""LINC01003"", 
""PHACTR4"", ""CCDC28B"", ""PPT1"", ""NT5C3A"", ""GNB4"", ""TIA1"", ""PIGX"", ""DHPS"", ""TMEM121"", ""CIAPIN1"")","3"
"119","Cajal.Retzius.cells","0.00890106128038343","0.0213625470729202","0.285313392143872","0.729412860205171","1.90541195001894","5","c(""EDIL3"", ""TRIM44"", ""SLC25A36"")","2"
"120","Muller_GenBiology_2017_BDM","0.520252694165738","0.56754839363535","0.0357644617683714","0.330233339921907","0.939521500984872","6","c(""TGFBI"", ""PDE4B"")","2"
"121","Yang_BioRxiv_2021_Oligo","0.816801253465108","0.816801253465108","0.00995081096975414","-0.230248459962049","-0.704968560472839","14","c(""PLP1"", ""SGK1"", ""CNP"", ""ABCA8"", ""ATP1B1"")","2"
"122","Hu_2022_Peri","0.577064220183486","0.602153968887116","0.0162678607057725","-0.353097490096686","-0.918261579703884","8","c(""ATP1A2"", ""CTSK"", ""IGFBP4"", ""FHL2"", ""AEBP1"", ""CMBL"")","2"
"123","Neurons","0.477622476351828","0.545854258687804","0.0201793957835896","-0.446771914857401","-1.00407045878843","5","c(""FAM181B"", ""MATN2"", ""DTD1"")","2"
"124","Neftel_Cell_2019_G1.S","0.428267667292058","0.513921200750469","0.0199959680630296","-0.360349291418769","-1.03456459363395","11","c(""HIST1H4C"", ""CKS1B"", ""PCNA"", ""DUT"", ""GMNN"", ""TMEM106C"", ""MCM3"", ""GINS2"", ""FEN1"")","2"
"125","Yang_BioRxiv_2021_T_cell","0.340251305943809","0.429791123297443","0.0256064697418265","-0.499994132052354","-1.12368150473729","5","c(""ZFP36L2"", ""LITAF"", ""BTG1"")","2"
"126","Neftel_Cell_2019_MES1","0.265413824172995","0.353885098897327","0.0283109803250037","-0.439537504670564","-1.18886500656822","9","c(""RCAN1"", ""EMP1"", ""S100A16"", ""SERPINE1"", ""NAMPT"")","2"
"127","Richards_NatureCancer_2021_sc.Injury_Response","0.127465705417042","0.203945128667267","0.0377826262640302","-0.262177295174921","-1.23287437508315","170","c(""IER2"", ""RCAN1"", ""GADD45B"", ""CEBPD"", ""FOSB"", ""SOCS3"", ""DUSP1"", ""KLF2"", ""NR4A2"", ""HSPA1B"", ""MRPS6"", ""CYR61"", ""MAFF"", ""COTL1"", ""NPM1"", ""MYADM"", ""EMP1"", ""TM4SF1"", ""IRF1"", ""KLF9"", ""TUBB"", ""KLF10"", ""TUBB4B"", ""CALM2"", ""PFN1"", ""ARPC1B"", ""NFKBIA"", ""AKAP12"", ""HMGA1"", ""NFKBIZ"", ""SERPINE1"", ""MYL12B"", ""RBP1"", ""CCND1"", ""TPM4"", ""MYLK"", ""NAMPT"", ""PHLDA1"", ""GSTO1"", ""CDKN3"", ""MGLL"", ""BHLHE40"", ""CTSK"", ""MYL12A"", ""TIMP3"", ""EIF4EBP1"", ""SFRP1"", ""TNFRSF12A"")","2"
"128","Yang_BioRxiv_2021_SMC","0.215570469798658","0.304334780892223","0.0329889785720029","-0.499050940042526","-1.24227578408304","7","c(""C11orf96"", ""TIMP3"", ""IGFBP4"", ""MCAM"")","2"
"129","Neftel_Cell_2019_NPC2","0.171819850345899","0.257729775518848","0.0387662484583825","-0.574526739267421","-1.29118529499908","5","c(""STMN1"", ""ATP1B1"", ""TUBB2A"", ""SOX4"")","2"
"130","Neural.stem.precursor.cells","0.0796272765777213","0.136503902704665","0.0590382721694151","-0.642458100558659","-1.44385351524651","5","c(""ID4"", ""IGFBP3"", ""CCND2"", ""RBM3"", ""CBX3"")","2"
"131","Neftel_Cell_2019_G2.M","0.0675400661409311","0.124689352875565","0.0609531156006142","-0.531071677260295","-1.48412425893518","10","c(""H2AFZ"", ""TUBB4B"", ""ARL6IP1"", ""HMGB3"", ""CKAP2"", ""KPNA2"", ""MZT1"", ""TMPO"", ""ANP32E"")","2"
"132","Endothelial.cells","0.04422457980689","0.08844915961378","0.0735499839648035","-0.50227639574015","-1.56964186721916","15","c(""CD9"", ""SGK1"", ""EMP1"", ""TM4SF1"", ""EDNRB"", ""MYLK"", ""MGLL"", ""TIMP3"", ""MEOX2"", ""MCAM"")","2"
"133","Richards_NatureCancer_2021_sc.Developmental","0.00190266372922091","0.00761065491688364","0.335068558717014","-0.342061560381957","-1.59804847891235","156","c(""JUND"", ""PLP1"", ""JUN"", ""ARC"", ""NR4A1"", ""DBI"", ""C11orf96"", ""EGR1"", ""BCAN"", ""TUBB2B"", ""BTG2"", ""ID4"", ""GAS1"", ""MARCKSL1"", ""LAPTM4B"", ""PMP2"", ""TYMS"", ""EGR3"", ""YBX1"", ""OLIG1"", ""FAM181B"", ""NUDT1"", ""GAP43"", ""ATP1A2"", ""H1FX"", ""NFIA"", ""GGCT"", ""OLIG2"", ""GNG7"", ""EDNRB"", ""CSPG5"", ""TTYH1"", ""UBALD2"", ""SLC25A4"", ""H2AFV"", ""MATN2"", ""RAC1"", ""SRI"", ""SNX10"", ""PSAT1"", ""CCND2"", ""BAALC"", ""ERBB3"", ""IDH2"", ""CDKN1A"", ""UBL3"", ""MIDN"", ""GLUL"", ""MEOX2"", ""ABCA8"", ""MDH2"", ""HES6"", ""TGIF1"", ""HNRNPA0"", ""SEC11C"", ""FAM3C"", ""HSBP1"", 
""UQCRFS1"", ""CALM1"", ""LINGO1"", ""PAFAH1B3"")","2"
"134","Chanoch_Myers_MES_OTHER","0.0155704697986577","0.0339719341061623","0.133462622481397","-0.670329081899198","-1.66863443988108","7","c(""GADD45B"", ""JUN"", ""IGFBP3"", ""SAT1"")","2"
"135","Oligodendrocyte.progenitor.cells","0.00663560638147678","0.0199068191444303","0.211070537868325","-0.772067039106145","-1.73513526788754","5","c(""OLIG1"", ""OLIG2"", ""CSPG5"", ""CNP"", ""SOX10"")","2"
"136","Chanoch_Myers_ASTROCYTE","0.00832214765100671","0.0213625470729202","0.183397180948084","-0.700973979303004","-1.74491806324669","7","c(""ID4"", ""PMP2"", ""TSC22D4"", ""CST3"", ""F3"", ""GLUL"")","2"
"137","Microglia","0.00381194409148666","0.0130695225993828","0.279865652661932","-0.789665047452233","-1.77468484503466","5","c(""FOS"", ""EGR1"")","2"
"138","Neftel_Cell_2019_MES2","0.00183650152537196","0.00761065491688364","0.45505986738723","-0.713347962557716","-1.92947000240001","9","c(""ATF3"", ""PPP1R15A"", ""IGFBP3"", ""AKAP12"", ""NAMPT"", ""SERTAD1"", ""CDKN1A"")","2"
"139","Neftel_Cell_2019_NPC1","0.0013625733664197","0.00761065491688364","0.45505986738723","-0.725845915164216","-1.9632745773219","9","c(""BCAN"", ""STMN1"", ""BTG2"", ""MARCKSL1"", ""OLIG1"")","2"
"140","Neftel_Cell_2019_OPC","0.000191171927747112","0.00157689869218954","0.518848077743792","-0.772743095800039","-2.0901224944443","9","c(""PLP1"", ""DBI"", ""BCAN"", ""PMP2"", ""OLIG1"", ""TTYH1"", ""CNP"", ""PSAT1"")","2"
"141","Neftel_Cell_2019_AC","0.000197112336523693","0.00157689869218954","0.518848077743792","-0.734965408777151","-2.11008931493333","11","c(""DBI"", ""BCAN"", ""PMP2"", ""CST3"", ""ATP1A2"", ""S100A16"", ""EDNRB"", ""TTYH1"")","2"
"142","Fibroblasts","1.66529022530598e-06","3.99669654073435e-05","0.643551836150722","-0.830071079228822","-2.31970311743851","10","c(""FOSB"", ""NR4A1"", ""KLF2"", ""EGR1"", ""NR4A2"", ""KLF4"", ""KLF6"", ""KLF9"")","2"
"143","Neftel_Cell_2019_G2.M","6.8161068912094e-12","2.72644275648376e-11","0.887074988399873","0.719973535487659","2.35387590572747","44","c(""CENPF"", ""H2AFZ"", ""CCNB1"", ""KPNA2"", ""CCNB2"", ""CDC20"", ""SMC4"", ""ARL6IP1"", ""CKAP2"", ""TUBB4B"", ""TMPO"", ""AURKA"", ""HMGB3"", ""ECT2"", ""TUBA1C"", ""CDCA3"", ""PLK1"", ""CCNA2"", ""KIF4A"", ""FOXM1"", ""ANP32E"", ""KIF2C"", ""CKAP2L"", ""KIF11"", ""BUB1"", ""MZT1"", ""TACC3"", ""KIFC1"", ""KNSTRN"", ""MXD3"", ""CDCA8"", ""RACGAP1"", ""TROAP"", ""NCAPD2"", ""ARHGAP11A"", ""BUB1B"", ""TTK"")","1"
"144","Neftel_Cell_2019_G1.S","1.53902011377873e-07","3.07804022755746e-07","0.690132458796796","0.717212420294871","2.2041904010748","26","c(""HIST1H4C"", ""CKS1B"", ""RRM2"", ""MCM7"", ""PCNA"", ""TK1"", ""DUT"", ""CENPK"", ""TMEM106C"", ""RRM1"", ""GINS2"", ""ZWINT"", ""GMNN"", ""FEN1"", ""MCM3"", ""CENPM"", ""AURKB"", ""MCM4"", ""RAD51AP1"", ""ASF1B"", ""CDCA5"")","1"
"145","Richards_NatureCancer_2021_sc.Developmental","0.986696008802641","1","0.00170023299704414","0.155542254181795","0.532041470114137","72","c(""TYMS"", ""NUDT1"", ""H2AFV"", ""GINS2"", ""DDX39A"", ""FANCI"", ""MXD3"", ""GGCT"", ""IDH2"", ""MAD2L2"", ""MAZ"", ""SEPHS1"", ""ASRGL1"", ""H2AFY"", ""PARP1"", ""CBX5"", ""PAFAH1B3"", ""CALM3"", ""CNIH2"", ""SAPCD2"", ""PSIP1"", ""PXMP2"", ""HIST1H1E"", ""PSRC1"", ""RPA2"", ""SNRNP25"", ""CTNNBIP1"", ""LSM8"", ""RBMX"", ""ANP32A"", ""PSMG3"", ""SAMD1"", ""TRIM28"", ""HAUS8"", ""MPP6"", ""RBM8A"", ""NME4"", ""TIMELESS"", ""KLHL23"", ""CDCA7"", ""RAC3"", ""ECI1"", ""HADH"", ""MCUR1"", ""BRD7"", ""PIGX"", ""HMGXB4"", ""ENOPH1"")","1"
"146","Richards_NatureCancer_2021_sc.Injury_Response","1","1","0","0.101610838747434","0.361012819981937","135","c(""CDKN3"", ""ANLN"", ""TUBB4B"", ""CENPW"", ""AURKA"", ""TK1"", ""TUBA1C"", ""DEPDC1"", ""GGH"", ""CEP55"", ""MZT1"", ""SHCBP1"", ""CCT5"", ""C12orf75"", ""PLP2"", ""DIAPH3"", ""CDCA2"", ""LSM3"", ""FDPS"", ""SMS"", ""CDCA4"", ""KPNB1"", ""EIF4EBP1"", ""EBP"", ""SPDL1"", ""LRRC59"", ""SNRPF"", ""TPM4"", ""CBR3"", ""PDCD5"", ""GLO1"", ""TUBB6"", ""TNFRSF12A"", ""TCF19"", ""KIF18A"", ""ACTL6A"", ""CTNNAL1"", ""PSMD14"", ""TPRKB"", ""NQO1"", ""COTL1"", ""DHCR24"", ""UPP1"", ""VKORC1"", ""ZWILCH"", ""CNIH4"", ""PSMB2"", ""PSMG1"", ""NUCB2"", ""PSMD2"", ""GLRX5"", ""BOLA3"", ""RBBP7"", ""STIP1"", ""MGME1"", 
""GINS4"", ""FADS1"", ""MRPL17"", ""ARPC5L"", ""RANGAP1"", ""TPGS2"", ""EZR"", ""FANCB"", ""SDC1"", ""LMO7"", ""IKBIP"", ""NUDT15"", ""PSMA3"", ""RECQL"", ""SQLE"", ""PSMA4"", ""COPS3"", ""SLIRP"", ""ACOT7"")","1"
"147","Richards_NatureCancer_2021_sc.Developmental","2.87026789313709e-07","2.58324110382338e-06","0.674962860011025","0.559286237164297","2.89298363492411","42","c(""PLP1"", ""APOE"", ""BCAN"", ""RNASE1"", ""PMP2"", ""OLIG1"", ""ATP1A2"", ""SOX4"", ""NR4A1"", ""NKAIN4"", ""EDNRB"", ""ERBB3"", ""FAM181B"", ""GNG7"", ""ID4"", ""MARCKSL1"", ""TUBB2B"", ""BTG2"", ""EGR3"", ""MATN2"", ""TTYH1"", ""EGR1"", ""NDRG2"", ""LAPTM4B"", ""NFIA"", ""GPR37L1"", ""MAP2"", ""SEMA5A"", ""RHOQ"", ""UBL3"", ""HES6"", ""CMTM5"", ""BCHE"", ""TRIM9"", ""ABCA8"", ""SLC25A4"", ""MAPT"", ""RFTN2"", ""GPRC5B"", ""CELF2"")","0"
"148","Neftel_Cell_2019_AC","0.0010134225434676","0.0030402676304028","0.45505986738723","0.709677419354839","2.11211488924653","8","c(""BCAN"", ""S100B"", ""PMP2"", ""ATP1A2"", ""EDNRB"", ""F3"", ""TTYH1"", ""NDRG2"")","0"
"149","Chanoch_Myers_ASTROCYTE","0.0068714632174616","0.0154607922392886","0.248832632022043","0.755905511811024","1.86116615105057","5","c(""APOE"", ""PMP2"", ""TSC22D4"", ""ID4"", ""F3"")","0"
"150","Neftel_Cell_2019_OPC","0.0107592367032075","0.0193666260657734","0.198584486969905","0.617870262274092","1.83888192716931","8","c(""PLP1"", ""BCAN"", ""PMP2"", ""OLIG1"", ""NKAIN4"", ""TTYH1"", ""GPR37L1"", ""CNP"")","0"
"151","Neftel_Cell_2019_NPC1","0.0230518155854753","0.034577723378213","0.13525091239264","0.606856681483885","1.71146840632656","7","c(""BCAN"", ""OLIG1"", ""SOX4"", ""MARCKSL1"", ""BTG2"")","0"
"152","Astrocytes","0.0594179466451091","0.076394502829426","0.0829663391489805","0.622634928839818","1.53303162354524","5","c(""APOE"", ""S100B"", ""NKAIN4"")","0"
"153","Yang_BioRxiv_2021_Oligo","0.347746650426309","0.347746650426309","0.0317375395860154","0.366346595796644","1.09030677671877","8","c(""PLP1"", ""MBP"", ""CDH19"", ""CNP"", ""ABCA8"", ""MAPT"", ""GPRC5B"")","0"
"154","Richards_NatureCancer_2021_sc.Injury_Response","0.156106870229008","0.175620229007634","0.0483517351609411","-0.377049635633094","-1.32950181090504","13","c(""DCBLD2"", ""TGFBI"", ""COL6A2"", ""CDKN3"", ""ANLN"", ""THBS1"", ""ARHGAP29"", ""CENPW"", ""TK1"")","0"
"155","Neftel_Cell_2019_G2.M","0.000638722212263924","0.00287424995518766","0.477270815362862","-0.672131147540984","-2.15272411236977","10","c(""CENPF"", ""CCNB1"", ""SMC4"", ""CCNB2"", ""CDC20"", ""ECT2"", ""KIF11"", ""FOXM1"", ""KIF4A"", ""TACC3"")","0"
